Base Sequence	Full Sequence	Label1	Label2	Retention Time	Intensity Ratio
IGGIGTVPVGR	[Light Label:mdDL 801 on X]IGGIGTVPVGR	Light	Medium	62.84852462	0.566862685
IGLDCASSEFFK	[Light Label:mdDL 801 on X]IGLDC[Unimod:Propionamide on C]ASSEFFK	Light	Medium	90.91859285	0.563625227
VTDGVMVAR	[Light Label:mdDL 801 on X]VTDGVMVAR	Light	Medium	52.32490123	0.756673784
VTDGVMVAR	[Light Label:mdDL 801 on X]VTDGVM[Common Variable:Oxidation on M]VAR	Light	Medium	44.7569286	0.758923331
VTDGVMVAR	[Light Label:mdDL 801 on X]VTDGVMVAR	Light	Medium	49.95134208	0.930320219
VPTVDVSVVDLTVK	[Light Label:mdDL 801 on X]VPTVDVSVVDLTVK	Light	Medium	93.42794506	0.144962223
ETSNFIK	[Light Label:mdDL 801 on X]ETSNFIK	Light	Medium	54.33616913	0.41747545
EALDFFAR	[Heavy Label:mdDL 090 on X]EALDFFAR	Heavy	Medium	94.5756098	0.584240799
EALDFFAR	[Heavy Label:mdDL 090 on X]EALDFFAR	Heavy	Medium	96.00189265	1.410503268
EALDFFAR	[Heavy Label:mdDL 090 on X]EALDFFAR	Heavy	Medium	87.32886791	0.283757
EALDFFAR	[Light Label:mdDL 801 on X]EALDFFAR	Light	Medium	94.96803549	0.746260218
EALDFFAR	[Light Label:mdDL 801 on X]EALDFFAR	Light	Medium	96.1680738	0.905257868
EALDFFAR	[Light Label:mdDL 801 on X]EALDFFAR	Light	Medium	127.3494374	0.195473587
IGDYAGIK	[Light Label:mdDL 801 on X]IGDYAGIK	Light	Medium	54.61013939	0.457174981
VAINGFGR	[Light Label:mdDL 801 on X]VAINGFGR	Light	Medium	61.69962878	0.968854751
IEEELGDK	[Heavy Label:mdDL 090 on X]IEEELGDK	Heavy	Medium	45.8675553	0.155985737
IEEELGDK	[Light Label:mdDL 801 on X]IEEELGDK	Light	Medium	45.8675553	0.535203751
VDFNVPLDGK	[Light Label:mdDL 801 on X]VDFNVPLDGK	Light	Medium	76.34493585	0.491367973
YVVDTSK	[Light Label:mdDL 801 on X]YVVDTSK	Light	Medium	44.30452412	0.411679234
VVDLVEHVAK	[Heavy Label:mdDL 090 on X]VVDLVEHVAK	Heavy	Medium	65.3476524	0.2758103
VVDLVEHVAK	[Light Label:mdDL 801 on X]VVDLVEHVAK	Light	Medium	65.60477108	0.407426376
IYEVEGMR	[Light Label:mdDL 801 on X]IYEVEGMR	Light	Medium	61.71691174	0.676756478
IYEVEGMR	[Light Label:mdDL 801 on X]IYEVEGM[Common Variable:Oxidation on M]R	Light	Medium	50.2098129	0.710699998
IYEVEGMR	[Light Label:mdDL 801 on X]IYEVEGMR	Light	Medium	62.9402277	0.859359098
FDELLEK	[Light Label:mdDL 801 on X]FDELLEK	Light	Medium	71.08321025	0.545193957
ITITNDK	[Light Label:mdDL 801 on X]ITITNDK	Light	Medium	42.92746706	0.613458963
DAGTIAGLNVLR	[Heavy Label:mdDL 090 on X]DAGTIAGLNVLR	Heavy	Medium	86.95093107	0.618321099
DAGTIAGLNVLR	[Heavy Label:mdDL 090 on X]DAGTIAGLNVLR	Heavy	Medium	90.0259856	1.585367632
DAGTIAGLNVLR	[Light Label:mdDL 801 on X]DAGTIAGLNVLR	Light	Medium	87.46653106	0.798706775
ASAPGSVILLENLR	[Light Label:mdDL 801 on X]ASAPGSVILLENLR	Light	Medium	92.05916827	0.618436946
ASAPGSVILLENLR	[Light Label:mdDL 801 on X]ASAPGSVILLENLR	Light	Medium	93.85850881	3.530128782
TNNPETLVALR	[Light Label:mdDL 801 on X]TNNPETLVALR	Light	Medium	69.11607643	0.863076963
GNPTVEVELTTEK	[Light Label:mdDL 801 on X]GNPTVEVELTTEK	Light	Medium	65.04374956	0.324407756
VDIIANDQGNR	[Heavy Label:mdDL 090 on X]VDIIANDQGNR	Heavy	Medium	55.07805004	0.527546948
VDIIANDQGNR	[Light Label:mdDL 801 on X]VDIIANDQGNR	Light	Medium	55.40084967	0.78925311
VATTGEWDK	[Light Label:mdDL 801 on X]VATTGEWDK	Light	Medium	50.10774424	0.554884221
VLGIDGGEGK	[Light Label:mdDL 801 on X]VLGIDGGEGK	Light	Medium	58.7143403	0.602161088
VLGIDGGEGKEELFR	[Light Label:mdDL 801 on X]VLGIDGGEGKEELFR	Light	Medium	79.22667461	0.449322929
AGAGHSNTLQVSTV	[Heavy Label:mdDL 090 on X]AGAGHSNTLQVSTV	Heavy	Medium	52.89791417	0.544888951
AGAGHSNTLQVSTV	[Light Label:mdDL 801 on X]AGAGHSNTLQVSTV	Light	Medium	53.21871365	0.618788946
NVPLYQHLADLSK	[Light Label:mdDL 801 on X]NVPLYQHLADLSK	Light	Medium	85.98610522	0.391877113
TVDGPSHK	[Light Label:mdDL 801 on X]TVDGPSHK	Light	Medium	28.86701026	1.176263867
ETTYDEIK	[Light Label:mdDL 801 on X]ETTYDEIK	Light	Medium	48.42589469	0.527407581
YQVTVIDAPGHR	[Light Label:mdDL 801 on X]YQVTVIDAPGHR	Light	Medium	57.0197937	0.425609419
LGANAILGVSMAAAR	[Heavy Label:mdDL 090 on X]LGANAILGVSM[Common Variable:Oxidation on M]AAAR	Heavy	Medium	81.93538114	0.321475313
LGANAILGVSMAAAR	[Light Label:mdDL 801 on X]LGANAILGVSM[Common Variable:Oxidation on M]AAAR	Light	Medium	82.20676584	0.545047812
LPLSVINVSAQR	[Light Label:mdDL 801 on X]LPLSVINVSAQR	Light	Medium	88.58820086	0.808608874
SIVPSGASTGVHEALEMR	[Heavy Label:mdDL 090 on X]SIVPSGASTGVHEALEMR	Heavy	Medium	79.28896186	0.331960668
SIVPSGASTGVHEALEMR	[Heavy Label:mdDL 090 on X]SIVPSGASTGVHEALEM[Common Variable:Oxidation on M]R	Heavy	Medium	71.03360438	0.362535124
SIVPSGASTGVHEALEMR	[Heavy Label:mdDL 090 on X]SIVPSGASTGVHEALEMR	Heavy	Medium	78.44883712	1.028813581
SIVPSGASTGVHEALEMR	[Light Label:mdDL 801 on X]SIVPSGASTGVHEALEMR	Light	Medium	79.28896186	0.667493994
SIVPSGASTGVHEALEMR	[Light Label:mdDL 801 on X]SIVPSGASTGVHEALEM[Common Variable:Oxidation on M]R	Light	Medium	71.03360438	0.707012253
IPAWFLNR	[Light Label:mdDL 801 on X]IPAWFLNR	Light	Medium	96.47840415	0.765670896
YAGEVSHDDK	[Heavy Label:mdDL 090 on X]YAGEVSHDDK	Heavy	Medium	29.36528774	0.086175882
YAGEVSHDDK	[Light Label:mdDL 801 on X]YAGEVSHDDK	Light	Medium	29.63917069	0.285996159
LNDAVEYVSGR	[Heavy Label:mdDL 090 on X]LNDAVEYVSGR	Heavy	Medium	64.39378368	0.325848571
LNDAVEYVSGR	[Heavy Label:mdDL 090 on X]LNDAVEYVSGR	Heavy	Medium	63.39095776	1.044185967
LNDAVEYVSGR	[Light Label:mdDL 801 on X]LNDAVEYVSGR	Light	Medium	64.428472	1.022982824
LNDAVEYVSGR	[Light Label:mdDL 801 on X]LNDAVEYVSGR	Light	Medium	63.48275998	1.169263471
GSIDEQHPR	[Heavy Label:mdDL 090 on X]GSIDEQHPR	Heavy	Medium	31.94823272	0.388634753
GSIDEQHPR	[Light Label:mdDL 801 on X]GSIDEQHPR	Light	Medium	32.2943729	0.539510838
LVEAFQWTDK	[Light Label:mdDL 801 on X]LVEAFQWTDK	Light	Medium	89.45267038	0.250696713
NELKSILR	[Heavy Label:mdDL 090 on X]NELKSILR	Heavy	Medium	50.54089615	0.87107906
NELKSILR	[Light Label:mdDL 801 on X]NELKSILR	Light	Medium	50.83520285	0.831780496
LAQNDGLLK	[Light Label:mdDL 801 on X]LAQNDGLLK	Light	Medium	56.64860408	0.681388182
VVITAPSSTAPMFVMGVNEEK	[Light Label:mdDL 801 on X]VVITAPSSTAPMFVMGVNEEK	Light	Medium	97.42583306	0.530489825
DAGAISGLNVLR	[Heavy Label:mdDL 090 on X]DAGAISGLNVLR	Heavy	Medium	83.83058455	0.590757138
DAGAISGLNVLR	[Light Label:mdDL 801 on X]DAGAISGLNVLR	Light	Medium	84.17654788	0.855135218
HIIVDGK	[Heavy Label:mdDL 090 on X]HIIVDGK	Heavy	Medium	47.32546465	0.618383822
ATAGDTHLGGEDFDNR	[Heavy Label:mdDL 090 on X]ATAGDTHLGGEDFDNR	Heavy	Medium	50.77113663	0.403865675
ATAGDTHLGGEDFDNR	[Light Label:mdDL 801 on X]ATAGDTHLGGEDFDNR	Light	Medium	51.00879601	0.872891525
LIGPTSVVGR	[Light Label:mdDL 801 on X]LIGPTSVVGR	Light	Medium	68.85364313	0.917006043
GVVDSEDLPLNLSR	[Light Label:mdDL 801 on X]GVVDSEDLPLNLSR	Light	Medium	86.74445791	0.745516702
FADGFLIHSGQPVNDFIDTATR	[Heavy Label:mdDL 090 on X]FADGFLIHSGQPVNDFIDTATR	Heavy	Medium	100.8376882	0.175431032
FADGFLIHSGQPVNDFIDTATR	[Light Label:mdDL 801 on X]FADGFLIHSGQPVNDFIDTATR	Light	Medium	100.8376882	0.718355443
TAEQVAAER	[Light Label:mdDL 801 on X]TAEQVAAER	Light	Medium	48.67039533	0.838651345
SISIVGSYVGNR	[Light Label:mdDL 801 on X]SISIVGSYVGNR	Light	Medium	82.40007061	0.329769825
SISIVGSYVGNR	[Light Label:mdDL 801 on X]SISIVGSYVGNR	Light	Medium	73.61084295	0.500810947
DSLDNTFVTR	[Light Label:mdDL 801 on X]DSLDNTFVTR	Light	Medium	64.31374973	0.815349048
FEASQVTEK	[Light Label:mdDL 801 on X]FEASQVTEK	Light	Medium	46.62561046	0.580114486
IVSSIEQK	[Light Label:mdDL 801 on X]IVSSIEQK	Light	Medium	49.37318893	0.460778208
AVQDNGESAFR	[Heavy Label:mdDL 090 on X]AVQDNGESAFR	Heavy	Medium	51.5403622	0.473281867
AVQDNGESAFR	[Heavy Label:mdDL 090 on X]AVQDNGESAFR	Heavy	Medium	53.39069035	1.07753292
AVQDNGESAFR	[Light Label:mdDL 801 on X]AVQDNGESAFR	Light	Medium	51.80625336	0.889759217
AVQDNGESAFR	[Light Label:mdDL 801 on X]AVQDNGESAFR	Light	Medium	53.35859757	1.184306867
AIIVLSTSGTTPR	[Heavy Label:mdDL 090 on X]AIIVLSTSGTTPR	Heavy	Medium	80.18884702	0.207727577
AIIVLSTSGTTPR	[Light Label:mdDL 801 on X]AIIVLSTSGTTPR	Light	Medium	80.25108667	0.348252381
LTADYDALDIANR	[Heavy Label:mdDL 090 on X]LTADYDALDIANR	Heavy	Medium	79.34045796	0.122750364
GVNLPGTDVDLPALSEK	[Light Label:mdDL 801 on X]GVNLPGTDVDLPALSEK	Light	Medium	95.26989424	0.432360308
TLLIADSR	[Light Label:mdDL 801 on X]TLLIADSR	Light	Medium	73.53404414	0.555982834
VEFLEDTSR	[Heavy Label:mdDL 090 on X]VEFLEDTSR	Heavy	Medium	67.31527134	0.32690421
VEFLEDTSR	[Light Label:mdDL 801 on X]VEFLEDTSR	Light	Medium	67.56861752	0.819763475
EIAGLSPYER	[Light Label:mdDL 801 on X]EIAGLSPYER	Light	Medium	74.55187601	0.685339838
NQAAMNPSNTVFDAK	[Light Label:mdDL 801 on X]NQAAMNPSNTVFDAK	Light	Medium	63.08274466	0.497791416
NQAAMNPSNTVFDAK	[Light Label:mdDL 801 on X]NQAAM[Common Variable:Oxidation on M]NPSNTVFDAK	Light	Medium	51.909047	0.450521923
TGLDISDDAR	[Light Label:mdDL 801 on X]TGLDISDDAR	Light	Medium	59.71276711	0.80935059
VNLDTDCQYAYLTGIR	[Light Label:mdDL 801 on X]VNLDTDC[Unimod:Propionamide on C]QYAYLTGIR	Light	Medium	87.18903204	0.563890915
FAAHTGATPIAGR	[Heavy Label:mdDL 090 on X]FAAHTGATPIAGR	Heavy	Medium	46.56029212	0.805188924
FAAHTGATPIAGR	[Light Label:mdDL 801 on X]FAAHTGATPIAGR	Light	Medium	46.77518775	0.961830763
VVEILQNR	[Light Label:mdDL 801 on X]VVEILQNR	Light	Medium	70.71163164	0.728243889
YAQDGAGIER	[Heavy Label:mdDL 090 on X]YAQDGAGIER	Heavy	Medium	41.15438126	0.298023608
YAQDGAGIER	[Heavy Label:mdDL 090 on X]YAQDGAGIER	Heavy	Medium	42.53644905	0.555402259
YAQDGAGIER	[Light Label:mdDL 801 on X]YAQDGAGIER	Light	Medium	41.43783448	0.623964545
YAQDGAGIER	[Light Label:mdDL 801 on X]YAQDGAGIER	Light	Medium	42.53644905	0.814143648
IAINGFGR	[Light Label:mdDL 801 on X]IAINGFGR	Light	Medium	67.80971418	0.825116666
IAINGFGR	[Light Label:mdDL 801 on X]IAINGFGR	Light	Medium	61.65711821	1.32557435
ENDILVLMESER	[Light Label:mdDL 801 on X]ENDILVLMESER	Light	Medium	99.54902952	0.193507418
ENDILVLMESER	[Light Label:mdDL 801 on X]ENDILVLM[Common Variable:Oxidation on M]ESER	Light	Medium	75.12646171	0.353543187
LFEGNALIR	[Light Label:mdDL 801 on X]LFEGNALIR	Light	Medium	81.91189212	0.888490753
LAAPENEKPAPVR	[Light Label:mdDL 801 on X]LAAPENEKPAPVR	Light	Medium	43.8606396	0.521629559
AHSSMVGFDLPQR	[Heavy Label:mdDL 090 on X]AHSSMVGFDLPQR	Heavy	Medium	64.41106927	0.479333738
AHSSMVGFDLPQR	[Light Label:mdDL 801 on X]AHSSMVGFDLPQR	Light	Medium	64.65036133	0.71045751
AHSSMVGFDLPQR	[Light Label:mdDL 801 on X]AHSSM[Common Variable:Oxidation on M]VGFDLPQR	Light	Medium	56.27855283	0.729209486
AEDEAALAK	[Heavy Label:mdDL 090 on X]AEDEAALAK	Heavy	Medium	40.62032762	0.256058563
VSGMFLGEVLR	[Light Label:mdDL 801 on X]VSGMFLGEVLR	Light	Medium	97.86552915	0.463045511
IINEPTAAAIAYGLDK	[Light Label:mdDL 801 on X]IINEPTAAAIAYGLDK	Light	Medium	91.68754979	0.450397514
ATDGGAHGVINVSVSEAAIEASTR	[Light Label:mdDL 801 on X]ATDGGAHGVINVSVSEAAIEASTR	Light	Medium	76.94312003	0.238084857
IYESQGK	[Heavy Label:mdDL 090 on X]IYESQGK	Heavy	Medium	33.88131614	0.272724329
IYESQGK	[Light Label:mdDL 801 on X]IYESQGK	Light	Medium	33.88131614	0.449909009
TALVHDGLAR	[Heavy Label:mdDL 090 on X]TALVHDGLAR	Heavy	Medium	51.26161078	0.72816296
TALVHDGLAR	[Light Label:mdDL 801 on X]TALVHDGLAR	Light	Medium	51.47859976	0.803531514
LSELIGAR	[Light Label:mdDL 801 on X]LSELIGAR	Light	Medium	66.77791405	0.769103613
VAAVETLYQDMAAR	[Light Label:mdDL 801 on X]VAAVETLYQDMAAR	Light	Medium	97.35766312	0.530956018
GNVCGDAK	[Light Label:mdDL 801 on X]GNVC[Unimod:Propionamide on C]GDAK	Light	Medium	28.95404214	0.47603635
AEALNISGEFFR	[Light Label:mdDL 801 on X]AEALNISGEFFR	Light	Medium	93.98791885	0.401034662
WTANLLPAR	[Heavy Label:mdDL 090 on X]WTANLLPAR	Heavy	Medium	78.62195724	0.783317862
WTANLLPAR	[Light Label:mdDL 801 on X]WTANLLPAR	Light	Medium	78.62195724	0.851701757
DIFPLQNIHVR	[Light Label:mdDL 801 on X]DIFPLQNIHVR	Light	Medium	92.9932062	0.856601274
YGVIVHDIATPNLIDR	[Light Label:mdDL 801 on X]YGVIVHDIATPNLIDR	Light	Medium	85.17992057	0.450410307
LWDVATGETYQR	[Light Label:mdDL 801 on X]LWDVATGETYQR	Light	Medium	77.50095815	0.683601506
GGGQIIPTMR	[Heavy Label:mdDL 090 on X]GGGQIIPTM[Common Variable:Oxidation on M]R	Heavy	Medium	53.4170391	0.84743678
GGGQIIPTMR	[Heavy Label:mdDL 090 on X]GGGQIIPTMR	Heavy	Medium	65.60550644	0.815712541
GGGQIIPTMR	[Light Label:mdDL 801 on X]GGGQIIPTM[Common Variable:Oxidation on M]R	Light	Medium	53.553209	0.856796031
GGGQIIPTMR	[Light Label:mdDL 801 on X]GGGQIIPTMR	Light	Medium	65.90390914	0.874475729
EGIPAGWQGLDNGPESR	[Heavy Label:mdDL 090 on X]EGIPAGWQGLDNGPESR	Heavy	Medium	80.12431876	0.343133621
EGIPAGWQGLDNGPESR	[Light Label:mdDL 801 on X]EGIPAGWQGLDNGPESR	Light	Medium	80.25181963	0.869380128
VISEILTR	[Light Label:mdDL 801 on X]VISEILTR	Light	Medium	81.55914211	0.822927971
NQAALNPR	[Heavy Label:mdDL 090 on X]NQAALNPR	Heavy	Medium	39.99335878	1.523657114
YLAEFSSGDAR	[Light Label:mdDL 801 on X]YLAEFSSGDAR	Light	Medium	72.15515531	0.638580388
DDEVLVVR	[Light Label:mdDL 801 on X]DDEVLVVR	Light	Medium	63.31163999	0.60353408
HLEGISDADIAK	[Light Label:mdDL 801 on X]HLEGISDADIAK	Light	Medium	63.97989435	0.587935576
ADTGIAVEGATDAAR	[Light Label:mdDL 801 on X]ADTGIAVEGATDAAR	Light	Medium	55.5021101	0.752269788
QPIFVAHTAGR	[Light Label:mdDL 801 on X]QPIFVAHTAGR	Light	Medium	56.88379255	0.737230824
FQVMVLR	[Light Label:mdDL 801 on X]FQVMVLR	Light	Medium	80.29794437	0.36623448
LSSEEIEK	[Light Label:mdDL 801 on X]LSSEEIEK	Light	Medium	44.00161553	0.525990964
HITINDLPVGR	[Heavy Label:mdDL 090 on X]HITINDLPVGR	Heavy	Medium	74.13598038	0.708956792
HITINDLPVGR	[Light Label:mdDL 801 on X]HITINDLPVGR	Light	Medium	74.483835	0.726435165
NVPVHVSPAFR	[Light Label:mdDL 801 on X]NVPVHVSPAFR	Light	Medium	67.03047229	0.857218671
SNFATIADPEAR	[Light Label:mdDL 801 on X]SNFATIADPEAR	Light	Medium	67.38106696	0.878800854
VDDELLVAR	[Light Label:mdDL 801 on X]VDDELLVAR	Light	Medium	67.08358093	0.832511915
TETGIDLENDR	[Light Label:mdDL 801 on X]TETGIDLENDR	Light	Medium	56.01101676	0.766948627
DSYVGDEAQSK	[Heavy Label:mdDL 090 on X]DSYVGDEAQSK	Heavy	Medium	39.4084633	0.126783597
NFNDPEVQADMK	[Light Label:mdDL 801 on X]NFNDPEVQADMK	Light	Medium	67.79330262	0.649507498
NFNDPEVQADMK	[Light Label:mdDL 801 on X]NFNDPEVQADM[Common Variable:Oxidation on M]K	Light	Medium	58.33856767	0.588509255
LAEDVLK	[Light Label:mdDL 801 on X]LAEDVLK	Light	Medium	63.64930085	0.438652577
IQLIDNLLDK	[Light Label:mdDL 801 on X]IQLIDNLLDK	Light	Medium	101.5133974	0.57000057
THGAPTDEVR	[Light Label:mdDL 801 on X]THGAPTDEVR	Light	Medium	28.97888888	0.51276587
LGANAILGVSLAASR	[Light Label:mdDL 801 on X]LGANAILGVSLAASR	Light	Medium	94.50787697	0.45727225
DAVSVFGFR	[Light Label:mdDL 801 on X]DAVSVFGFR	Light	Medium	91.88541285	0.63825578
IEVLEQELVR	[Light Label:mdDL 801 on X]IEVLEQELVR	Light	Medium	85.78416109	0.471337768
FQTGEDR	[Heavy Label:mdDL 090 on X]FQTGEDR	Heavy	Medium	31.97040056	0.54529581
FQTGEDR	[Light Label:mdDL 801 on X]FQTGEDR	Light	Medium	32.13062137	0.748467694
FQTGEDR	[Light Label:mdDL 801 on X]FQTGEDR	Light	Medium	32.98586921	1.353667246
IDNLAAVFDAR	[Light Label:mdDL 801 on X]IDNLAAVFDAR	Light	Medium	93.08979183	0.697055854
AAQDSFAANWGVMVSHR	[Light Label:mdDL 801 on X]AAQDSFAANWGVM[Common Variable:Oxidation on M]VSHR	Light	Medium	73.16175675	0.357009068
AAQDSFAANWGVMVSHR	[Light Label:mdDL 801 on X]AAQDSFAANWGVMVSHR	Light	Medium	127.7712695	0.378926426
YHIEEEGSR	[Heavy Label:mdDL 090 on X]YHIEEEGSR	Heavy	Medium	36.7428719	0.245896797
YHIEEEGSR	[Light Label:mdDL 801 on X]YHIEEEGSR	Light	Medium	36.7428719	0.641003208
FFISNPDLVDR	[Light Label:mdDL 801 on X]FFISNPDLVDR	Light	Medium	91.00335858	0.825991494
ISPPVVAYR	[Light Label:mdDL 801 on X]ISPPVVAYR	Light	Medium	63.25950422	0.864702438
VSTEVDAR	[Light Label:mdDL 801 on X]VSTEVDAR	Light	Medium	35.13619871	0.728490443
VSTEVDAR	[Light Label:mdDL 801 on X]VSTEVDAR	Light	Medium	36.14529806	0.938328165
QASAAVSEK	[Heavy Label:mdDL 090 on X]QASAAVSEK	Heavy	Medium	31.7580113	0.424276787
VTPSFVAFTPEER	[Light Label:mdDL 801 on X]VTPSFVAFTPEER	Light	Medium	87.43224513	0.812605774
DAHGVTQAR	[Heavy Label:mdDL 090 on X]DAHGVTQAR	Heavy	Medium	30.42417734	0.50652573
DAHGVTQAR	[Light Label:mdDL 801 on X]DAHGVTQAR	Light	Medium	30.62373136	0.579056059
LEIQQHAR	[Heavy Label:mdDL 090 on X]LEIQQHAR	Heavy	Medium	38.53183595	0.745456581
LEIQQHAR	[Light Label:mdDL 801 on X]LEIQQHAR	Light	Medium	38.53183595	0.834924823
IESSVESQFSAGR	[Heavy Label:mdDL 090 on X]IESSVESQFSAGR	Heavy	Medium	59.36391605	0.361350878
IESSVESQFSAGR	[Light Label:mdDL 801 on X]IESSVESQFSAGR	Light	Medium	59.36391605	0.745910519
LNIGIVHVGAPSAALNAATR	[Light Label:mdDL 801 on X]LNIGIVHVGAPSAALNAATR	Light	Medium	86.44566164	0.485488637
FTVSAIYSDLPQQER	[Light Label:mdDL 801 on X]FTVSAIYSDLPQQER	Light	Medium	90.24390349	0.265540453
LTEIINTR	[Light Label:mdDL 801 on X]LTEIINTR	Light	Medium	64.08073399	0.703566123
YVDEQSK	[Light Label:mdDL 801 on X]YVDEQSK	Light	Medium	33.23613729	0.461959498
VGIPAGVVNIVPGPGR	[Light Label:mdDL 801 on X]VGIPAGVVNIVPGPGR	Light	Medium	91.7837627	0.803594414
YDDALNATR	[Light Label:mdDL 801 on X]YDDALNATR	Light	Medium	47.88465424	0.740603016
AVNTGMEPGK	[Light Label:mdDL 801 on X]AVNTGMEPGK[Med Label:mdDL 261 on K]	Light	Medium	60.29728556	0.39328406
AVNTGMEPGK	[Light Label:mdDL 801 on X]AVNTGM[Common Variable:Oxidation on M]EPGK	Light	Medium	37.35107703	0.518760562
GQLVELYVPR	[Light Label:mdDL 801 on X]GQLVELYVPR	Light	Medium	84.16002975	0.467896925
VTGGGHVSQVYAIR	[Light Label:mdDL 801 on X]VTGGGHVSQVYAIR	Light	Medium	52.31796821	0.407853594
DYGVLIEEEGVALR	[Light Label:mdDL 801 on X]DYGVLIEEEGVALR	Light	Medium	96.87050077	0.218902638
SEELYPGR	[Light Label:mdDL 801 on X]SEELYPGR	Light	Medium	51.08427629	0.675973011
LSEVDASGFR	[Light Label:mdDL 801 on X]LSEVDASGFR	Light	Medium	61.22234935	0.838106701
GQCLATLLGHNDWVSQVR	[Light Label:mdDL 801 on X]GQC[Unimod:Propionamide on C]LATLLGHNDWVSQVR	Light	Medium	94.85126943	0.345184689
AYLPVNESFGFTGELR	[Light Label:mdDL 801 on X]AYLPVNESFGFTGELR	Light	Medium	100.8883572	0.753512359
IGNNELLHR	[Light Label:mdDL 801 on X]IGNNELLHR	Light	Medium	49.45727841	0.845152121
EVNSDLYGER	[Light Label:mdDL 801 on X]EVNSDLYGER	Light	Medium	56.95308326	0.770980704
ISAVSTYFESFPYR	[Light Label:mdDL 801 on X]ISAVSTYFESFPYR	Light	Medium	101.4143137	0.253142278
GLILVGGYGTR	[Light Label:mdDL 801 on X]GLILVGGYGTR	Light	Medium	86.01943374	0.25058706
MEILCQQR	[Heavy Label:mdDL 090 on X]MEILC[Unimod:Propionamide on C]QQR	Heavy	Medium	61.49437084	0.626311631
MEILCQQR	[Light Label:mdDL 801 on X]MEILC[Unimod:Propionamide on C]QQR	Light	Medium	61.55233112	0.555624421
VINPQVAWAQR	[Light Label:mdDL 801 on X]VINPQVAWAQR	Light	Medium	77.01251071	0.908242573
VNQAIALLTIGAR	[Light Label:mdDL 801 on X]VNQAIALLTIGAR	Light	Medium	96.20686073	0.464527594
FELSGIPPAPR	[Light Label:mdDL 801 on X]FELSGIPPAPR	Light	Medium	81.09294864	1.046991613
MLNEDELR	[Light Label:mdDL 801 on X]MLNEDELR	Light	Medium	63.4459095	0.842787895
SVEDFMAAMQR	[Light Label:mdDL 801 on X]SVEDFMAAMQR	Light	Medium	108.3369991	0.726395503
VWLDPNETSEIAQANSR	[Light Label:mdDL 801 on X]VWLDPNETSEIAQANSR	Light	Medium	84.26983992	0.921387404
LVIVTDPR	[Light Label:mdDL 801 on X]LVIVTDPR	Light	Medium	66.53912977	0.811454699
GVFGYGFEEPSAIQQR	[Light Label:mdDL 801 on X]GVFGYGFEEPSAIQQR	Light	Medium	93.12272159	0.689102361
AALTDFER	[Light Label:mdDL 801 on X]AALTDFER	Light	Medium	68.07588271	0.909736174
GILFVGSGVSGGEEGAR	[Light Label:mdDL 801 on X]GILFVGSGVSGGEEGAR	Light	Medium	87.53584992	0.372404863
YVLEHHPR	[Light Label:mdDL 801 on X]YVLEHHPR	Light	Medium	38.87168754	0.59197899
AAEAATTDLTYR	[Light Label:mdDL 801 on X]AAEAATTDLTYR	Light	Medium	56.78951925	0.638969823
LVAGGAAQNTAR	[Light Label:mdDL 801 on X]LVAGGAAQNTAR	Light	Medium	41.06706212	0.855048867
EALASGQFR	[Light Label:mdDL 801 on X]EALASGQFR	Light	Medium	56.1767413	0.912006878
TVMIAAHGNSLR	[Light Label:mdDL 801 on X]TVMIAAHGNSLR	Light	Medium	58.6465615	0.468419516
TVMIAAHGNSLR	[Light Label:mdDL 801 on X]TVM[Common Variable:Oxidation on M]IAAHGNSLR	Light	Medium	54.19790789	0.386619789
IVNEVDGVAR	[Light Label:mdDL 801 on X]IVNEVDGVAR	Light	Medium	55.84352164	0.836150443
HIDFAPTSPFGGAR	[Light Label:mdDL 801 on X]HIDFAPTSPFGGAR	Light	Medium	82.05998242	0.99194573
ESGNYLAIDLGGTNLR	[Light Label:mdDL 801 on X]ESGNYLAIDLGGTNLR	Light	Medium	86.64848531	0.459158188
DNAEGQGESLADQAR	[Light Label:mdDL 801 on X]DNAEGQGESLADQAR	Light	Medium	46.3099394	0.79609511
DNAEGQGESLADQAR	[Light Label:mdDL 801 on X]DNAEGQGESLADQAR	Light	Medium	46.83374996	1.013431627
SESVVYQGSR	[Light Label:mdDL 801 on X]SESVVYQGSR	Light	Medium	46.49673873	0.723725505
FDNLYGCR	[Light Label:mdDL 801 on X]FDNLYGC[Unimod:Propionamide on C]R	Light	Medium	60.90680263	0.77711355
IPVLEQELVR	[Light Label:mdDL 801 on X]IPVLEQELVR	Light	Medium	89.48720038	1.024773581
VLAVGDGIAR	[Light Label:mdDL 801 on X]VLAVGDGIAR	Light	Medium	68.78662078	0.886144603
ESGDFLAIDLGGTNLR	[Heavy Label:mdDL 090 on X]ESGDFLAIDLGGTNLR	Heavy	Medium	97.97624245	0.24868795
ESGDFLAIDLGGTNLR	[Light Label:mdDL 801 on X]ESGDFLAIDLGGTNLR	Light	Medium	98.12477054	0.382851928
TAEQIAAER	[Light Label:mdDL 801 on X]TAEQIAAER	Light	Medium	53.9966825	0.794846549
EAAAVAEGK	[Light Label:mdDL 801 on X]EAAAVAEGK	Light	Medium	37.42780642	0.604947073
VFLDIGLQR	[Heavy Label:mdDL 090 on X]VFLDIGLQR	Heavy	Medium	97.22798884	0.551276716
VFLDIGLQR	[Light Label:mdDL 801 on X]VFLDIGLQR	Light	Medium	97.45896721	0.619348258
DDLNGLDVAR	[Light Label:mdDL 801 on X]DDLNGLDVAR	Light	Medium	63.9618887	0.766081096
SYELPDGQVITIGNER	[Light Label:mdDL 801 on X]SYELPDGQVITIGNER	Light	Medium	98.72394187	0.731682528
DILDEFR	[Light Label:mdDL 801 on X]DILDEFR	Light	Medium	93.49625492	0.69127456
AAIVQIDATPFR	[Light Label:mdDL 801 on X]AAIVQIDATPFR	Light	Medium	87.83605615	0.745378434
ISLGLPVGAIMNCADNSGAR	[Heavy Label:mdDL 090 on X]ISLGLPVGAIMNC[Unimod:Propionamide on C]ADNSGAR	Heavy	Medium	104.2876903	0.715718085
ISLGLPVGAIMNCADNSGAR	[Light Label:mdDL 801 on X]ISLGLPVGAIMNC[Unimod:Propionamide on C]ADNSGAR	Light	Medium	104.2876903	0.824558447
NTEGVIFVVDSNDR	[Light Label:mdDL 801 on X]NTEGVIFVVDSNDR	Light	Medium	82.71946227	0.213931839
LLSDFFDGK	[Light Label:mdDL 801 on X]LLSDFFDGK	Light	Medium	103.8324977	0.560265206
GVPTGFTFPIR	[Light Label:mdDL 801 on X]GVPTGFTFPIR	Light	Medium	96.92073275	0.728608154
TLDDSAIR	[Light Label:mdDL 801 on X]TLDDSAIR	Light	Medium	59.254952	0.791837722
GEHINSTEDR	[Light Label:mdDL 801 on X]GEHINSTEDR	Light	Medium	29.31064227	0.68274706
ASEALKPDSQK	[Light Label:mdDL 801 on X]ASEALKPDSQK	Light	Medium	32.09245014	0.390672943
GEEILSGAQR	[Light Label:mdDL 801 on X]GEEILSGAQR	Light	Medium	56.14336157	0.808985593
VVNYNHLLPTR	[Light Label:mdDL 801 on X]VVNYNHLLPTR	Light	Medium	71.30900801	1.270431936
LLSEEALPAIR	[Light Label:mdDL 801 on X]LLSEEALPAIR	Light	Medium	84.9101561	0.93218306
FTCNATHELVVR	[Light Label:mdDL 801 on X]FTC[Unimod:Propionamide on C]NATHELVVR	Light	Medium	58.86341738	0.425908477
GMGEEDFHR	[Heavy Label:mdDL 090 on X]GMGEEDFHR	Heavy	Medium	48.78965789	0.419744258
GMGEEDFHR	[Heavy Label:mdDL 090 on X]GM[Common Variable:Oxidation on M]GEEDFHR	Heavy	Medium	36.03147817	0.326136575
GMGEEDFHR	[Light Label:mdDL 801 on X]GMGEEDFHR	Light	Medium	48.78965789	0.792486773
GMGEEDFHR	[Light Label:mdDL 801 on X]GM[Common Variable:Oxidation on M]GEEDFHR	Light	Medium	36.03147817	0.846119301
DTDAEGKPLER	[Light Label:mdDL 801 on X]DTDAEGKPLER	Light	Medium	37.47024341	0.716252632
VLDTGGPISVPVGR	[Light Label:mdDL 801 on X]VLDTGGPISVPVGR	Light	Medium	79.22887917	0.833954791
VDFNVPLDGKK	[Light Label:mdDL 801 on X]VDFNVPLDGK[Med Label:mdDL 261 on K]K	Light	Medium	78.41288481	0.046766658
YYGGNEHIDR	[Light Label:mdDL 801 on X]YYGGNEHIDR	Light	Medium	41.77848953	0.601329477
APPQRPR	[Light Label:mdDL 801 on X]APPQRPR	Light	Medium	30.0278903	0.797298192
TVAGGAYTVSTAAAATVR	[Light Label:mdDL 801 on X]TVAGGAYTVSTAAAATVR	Light	Medium	76.33216141	0.301105137
NTIVSSYNR	[Light Label:mdDL 801 on X]NTIVSSYNR	Light	Medium	51.29218874	0.650972854
GASDGGLYVPHSENR	[Light Label:mdDL 801 on X]GASDGGLYVPHSENR	Light	Medium	51.73058754	0.641200341
GIDIVVNEVSNR	[Light Label:mdDL 801 on X]GIDIVVNEVSNR	Light	Medium	85.01079599	0.329425663
GPIDAAGR	[Light Label:mdDL 801 on X]GPIDAAGR	Light	Medium	47.18569744	0.76994933
RVDEGGAQDK	[Light Label:mdDL 801 on X]RVDEGGAQDK	Light	Medium	28.72596969	0.568013366
AEAESLVAEAQLSNITR	[Light Label:mdDL 801 on X]AEAESLVAEAQLSNITR	Light	Medium	86.91623272	0.421865399
SQLAQQIQAR	[Light Label:mdDL 801 on X]SQLAQQIQAR	Light	Medium	50.93877378	0.793186389
FNGSPIDGGR	[Light Label:mdDL 801 on X]FNGSPIDGGR	Light	Medium	51.99710289	0.880958613
EVDIGIPDATGR	[Light Label:mdDL 801 on X]EVDIGIPDATGR	Light	Medium	78.55069996	0.762542932
ISQVDESR	[Light Label:mdDL 801 on X]ISQVDESR	Light	Medium	33.79337338	0.803097938
LVSNGTDSHMVLVSLR	[Light Label:mdDL 801 on X]LVSNGTDSHMVLVSLR	Light	Medium	76.72667872	0.263432598
SEHQVELICSYR	[Light Label:mdDL 801 on X]SEHQVELIC[Unimod:Propionamide on C]SYR	Light	Medium	64.21034143	0.202422199
IMADDYGWDVTDAR	[Light Label:mdDL 801 on X]IMADDYGWDVTDAR	Light	Medium	83.59232536	0.458702472
IMADDYGWDVTDAR	[Light Label:mdDL 801 on X]IM[Common Variable:Oxidation on M]ADDYGWDVTDAR	Light	Medium	74.4512271	0.8039318
VAFTGSTATGR	[Light Label:mdDL 801 on X]VAFTGSTATGR	Light	Medium	50.05728418	0.98761412
YHIEEEGSRK	[Light Label:mdDL 801 on X]YHIEEEGSRK	Light	Medium	31.06169937	0.376966328
LNNIEFR	[Light Label:mdDL 801 on X]LNNIEFR	Light	Medium	63.08201117	1.220019437
VVDLLAPYAR	[Light Label:mdDL 801 on X]VVDLLAPYAR	Light	Medium	91.65139975	0.725473844
VHPFHVLR	[Light Label:mdDL 801 on X]VHPFHVLR	Light	Medium	49.91753963	0.609225267
SEELYPGRPLAIALDTK	[Light Label:mdDL 801 on X]SEELYPGRPLAIALDTK	Light	Medium	84.53773147	0.484800901
EHAALEPR	[Light Label:mdDL 801 on X]EHAALEPR	Light	Medium	33.59345601	0.927484772
FQTGEDRETMDR	[Heavy Label:mdDL 090 on X]FQTGEDRETMDR	Heavy	Medium	40.64266445	0.356527017
FQTGEDRETMDR	[Light Label:mdDL 801 on X]FQTGEDRETMDR	Light	Medium	40.64266445	0.818781703
APGILPR	[Light Label:mdDL 801 on X]APGILPR	Light	Medium	57.86036581	0.819672658
NMLTEHTELLNIFNR	[Light Label:mdDL 801 on X]NMLTEHTELLNIFNR	Light	Medium	102.9193259	0.25731874
NMLTEHTELLNIFNR	[Light Label:mdDL 801 on X]NM[Common Variable:Oxidation on M]LTEHTELLNIFNR	Light	Medium	91.37896009	0.262067109
EGGLGPINIPLLADTNHSLSR	[Light Label:mdDL 801 on X]EGGLGPINIPLLADTNHSLSR	Light	Medium	102.0213956	0.839172217
TAADTVMR	[Light Label:mdDL 801 on X]TAADTVMR	Light	Medium	46.98195049	1.020311138
TDLPEGEEKPR	[Heavy Label:mdDL 090 on X]TDLPEGEEKPR	Heavy	Medium	39.40166564	0.271013504
TDLPEGEEKPR	[Light Label:mdDL 801 on X]TDLPEGEEKPR	Light	Medium	39.66091585	0.573529447
FHAILVDNGVLR	[Light Label:mdDL 801 on X]FHAILVDNGVLR	Light	Medium	77.03052088	0.30457058
TELDGILPLVAR	[Light Label:mdDL 801 on X]TELDGILPLVAR	Light	Medium	103.1751474	0.847745174
TTLVANTSNMPVAAR	[Heavy Label:mdDL 090 on X]TTLVANTSNMPVAAR	Heavy	Medium	64.91895276	0.841851808
TTLVANTSNMPVAAR	[Heavy Label:mdDL 090 on X]TTLVANTSNM[Common Variable:Oxidation on M]PVAAR	Heavy	Medium	53.52813035	0.72935095
TTLVANTSNMPVAAR	[Light Label:mdDL 801 on X]TTLVANTSNMPVAAR	Light	Medium	65.1078643	0.99660015
TTLVANTSNMPVAAR	[Light Label:mdDL 801 on X]TTLVANTSNM[Common Variable:Oxidation on M]PVAAR	Light	Medium	53.65591386	1.104389499
LHMGTDDVR	[Heavy Label:mdDL 090 on X]LHMGTDDVR	Heavy	Medium	45.2141396	0.427906569
LHMGTDDVR	[Heavy Label:mdDL 090 on X]LHM[Common Variable:Oxidation on M]GTDDVR	Heavy	Medium	28.93450924	0.5225489
LHMGTDDVR	[Light Label:mdDL 801 on X]LHMGTDDVR	Light	Medium	45.2141396	0.842803062
LHMGTDDVR	[Light Label:mdDL 801 on X]LHM[Common Variable:Oxidation on M]GTDDVR	Light	Medium	28.87194712	0.809708596
THGNSGVVR	[Light Label:mdDL 801 on X]THGNSGVVR	Light	Medium	20.07185387	0.455116326
HVIFLAER	[Light Label:mdDL 801 on X]HVIFLAER	Light	Medium	71.95518634	0.296786822
RAGELTQEELER	[Light Label:mdDL 801 on X]RAGELTQEELER	Light	Medium	52.90145764	0.789893228
EQAANLIAAGADGLR	[Light Label:mdDL 801 on X]EQAANLIAAGADGLR	Light	Medium	78.20863849	0.766111439
ALELASAEQR	[Light Label:mdDL 801 on X]ALELASAEQR	Light	Medium	64.08220096	0.777105054
EQVEIAR	[Light Label:mdDL 801 on X]EQVEIAR	Light	Medium	45.7293925	0.857008438
GESDDSLNR	[Light Label:mdDL 801 on X]GESDDSLNR	Light	Medium	35.40792763	0.762435872
VAIGEVPFTFGVR	[Light Label:mdDL 801 on X]VAIGEVPFTFGVR	Light	Medium	104.1892795	0.807323047
TFEIDDEHR	[Light Label:mdDL 801 on X]TFEIDDEHR	Light	Medium	60.50087487	0.972807081
NSIPGDK	[Light Label:mdDL 801 on X]NSIPGDK	Light	Medium	33.10400117	0.539944635
NVSMIADSSSR	[Heavy Label:mdDL 090 on X]NVSMIADSSSR	Heavy	Medium	61.52666306	0.678830283
NVSMIADSSSR	[Heavy Label:mdDL 090 on X]NVSM[Common Variable:Oxidation on M]IADSSSR	Heavy	Medium	54.71422273	0.640747155
NVSMIADSSSR	[Heavy Label:mdDL 090 on X]NVSM[Common Variable:Oxidation on M]IADSSSR	Heavy	Medium	53.93429115	0.434531429
NVSMIADSSSR	[Light Label:mdDL 801 on X]NVSMIADSSSR	Light	Medium	61.65606259	0.998619248
NVSMIADSSSR	[Light Label:mdDL 801 on X]NVSM[Common Variable:Oxidation on M]IADSSSR	Light	Medium	54.00001965	0.803350865
NVSMIADSSSR	[Light Label:mdDL 801 on X]NVSM[Common Variable:Oxidation on M]IADSSSR	Light	Medium	54.77520148	0.9227219
AAADALSDLEIK	[Light Label:mdDL 801 on X]AAADALSDLEIK	Light	Medium	86.54837467	0.738151169
RPYESSR	[Light Label:mdDL 801 on X]RPYESSR	Light	Medium	24.95496881	0.609947154
NVAAGCNPMDLR	[Heavy Label:mdDL 090 on X]NVAAGC[Unimod:Propionamide on C]NPMDLR	Heavy	Medium	68.64052309	0.646816913
NVAAGCNPMDLR	[Light Label:mdDL 801 on X]NVAAGC[Unimod:Propionamide on C]NPMDLR	Light	Medium	68.77284846	0.999643825
EALDFFSR	[Light Label:mdDL 801 on X]EALDFFSR	Light	Medium	93.49918185	0.782272652
GVPYVVTHDGR	[Light Label:mdDL 801 on X]GVPYVVTHDGR	Light	Medium	58.50548819	0.715146559
YLDQVLDHQR	[Light Label:mdDL 801 on X]YLDQVLDHQR	Light	Medium	73.09818404	0.684189701
LTSLNVVAGSDLRR	[Light Label:mdDL 801 on X]LTSLNVVAGSDLRR	Light	Medium	69.79025798	0.754676702
VCSSHTGLIR	[Light Label:mdDL 801 on X]VC[Unimod:Propionamide on C]SSHTGLIR	Light	Medium	42.41709553	0.778390539
SPLNVGIVGTGIFAR	[Light Label:mdDL 801 on X]SPLNVGIVGTGIFAR	Light	Medium	104.3908652	0.685061213
AENMIGEDR	[Heavy Label:mdDL 090 on X]AENMIGEDR	Heavy	Medium	47.37209735	0.240724201
AENMIGEDR	[Heavy Label:mdDL 090 on X]AENM[Common Variable:Oxidation on M]IGEDR	Heavy	Medium	35.79915168	0.338136412
AENMIGEDR	[Light Label:mdDL 801 on X]AENMIGEDR	Light	Medium	47.37209735	0.641300262
AENMIGEDR	[Light Label:mdDL 801 on X]AENM[Common Variable:Oxidation on M]IGEDR	Light	Medium	35.86930071	0.865338335
HALALSPLGAEGER	[Light Label:mdDL 801 on X]HALALSPLGAEGER	Light	Medium	67.18645682	0.742807554
IIFGTQSDAFQEDR	[Light Label:mdDL 801 on X]IIFGTQSDAFQEDR	Light	Medium	83.66132452	0.633276901
SMELTANER	[Light Label:mdDL 801 on X]SMELTANER	Light	Medium	57.35276732	0.77228147
SMELTANER	[Light Label:mdDL 801 on X]SM[Common Variable:Oxidation on M]ELTANER	Light	Medium	38.71853177	0.898027834
SEHQVELIR	[Light Label:mdDL 801 on X]SEHQVELIR	Light	Medium	52.65504507	0.659845802
RGILTLR	[Light Label:mdDL 801 on X]RGILTLR	Light	Medium	59.9586533	0.704284127
ASAQEAIVR	[Heavy Label:mdDL 090 on X]ASAQEAIVR	Heavy	Medium	43.63610691	0.618290619
YVVLASHLGR	[Light Label:mdDL 801 on X]YVVLASHLGR	Light	Medium	67.48280011	0.296221543
APEAEQVLSAAATFPIAQPATDVEAR	[Light Label:mdDL 801 on X]APEAEQVLSAAATFPIAQPATDVEAR	Light	Medium	105.7113942	0.610280943
TNANLPEGEK	[Light Label:mdDL 801 on X]TNANLPEGEK	Light	Medium	39.16051275	0.5106374
LVLEVAQHLGENTVR	[Light Label:mdDL 801 on X]LVLEVAQHLGENTVR	Light	Medium	95.36934278	0.404248061
ATQGFSGADLLYIVQR	[Light Label:mdDL 801 on X]ATQGFSGADLLYIVQR	Light	Medium	103.4439471	0.32494388
VNQGWGDDK	[Light Label:mdDL 801 on X]VNQGWGDDK	Light	Medium	41.42258709	0.881571989
GISSSAIPYSR	[Light Label:mdDL 801 on X]GISSSAIPYSR	Light	Medium	64.21107472	0.664004069
SITGEVPGIR	[Light Label:mdDL 801 on X]SITGEVPGIR	Light	Medium	72.39188944	1.020687048
LPLIQSR	[Light Label:mdDL 801 on X]LPLIQSR	Light	Medium	67.62153013	0.916923438
FGEGASGEER	[Light Label:mdDL 801 on X]FGEGASGEER	Light	Medium	37.74191571	0.858090702
LLEEAGK	[Light Label:mdDL 801 on X]LLEEAGK	Light	Medium	43.85697309	0.497205725
HLQLAIR	[Light Label:mdDL 801 on X]HLQLAIR	Light	Medium	65.04771616	0.634217978
IAGVLGATGSVGQR	[Light Label:mdDL 801 on X]IAGVLGATGSVGQR	Light	Medium	64.61682528	0.988045159
IWCFGPDGNGPNLVIDQTK	[Heavy Label:mdDL 090 on X]IWC[Unimod:Propionamide on C]FGPDGNGPNLVIDQTK	Heavy	Medium	101.3197672	0.435622339
NVPNWHR	[Light Label:mdDL 801 on X]NVPNWHR	Light	Medium	55.64062969	0.794915624
TAFQIPGDQSIR	[Light Label:mdDL 801 on X]TAFQIPGDQSIR	Light	Medium	76.46448092	0.893633126
LIHPASGR	[Heavy Label:mdDL 090 on X]LIHPASGR	Heavy	Medium	37.27370726	0.76014944
LIHPASGR	[Light Label:mdDL 801 on X]LIHPASGR	Light	Medium	37.27370726	1.128504816
VASANATAAESDVAK	[Light Label:mdDL 801 on X]VASANATAAESDVAK	Light	Medium	46.03895464	0.364978615
QIVHDSGR	[Heavy Label:mdDL 090 on X]QIVHDSGR	Heavy	Medium	34.0108156	0.693222248
QIVHDSGR	[Light Label:mdDL 801 on X]QIVHDSGR	Light	Medium	34.24534295	0.819202181
LQQDDIGSR	[Heavy Label:mdDL 090 on X]LQQDDIGSR	Heavy	Medium	39.80603743	0.51366738
HGHLGFLPR	[Light Label:mdDL 801 on X]HGHLGFLPR	Light	Medium	52.9956792	0.734172452
VTSNVVLVSGEGER	[Light Label:mdDL 801 on X]VTSNVVLVSGEGER	Light	Medium	60.95101095	0.477469951
FEQASESEPTTVSYEIAGNSPNAER	[Light Label:mdDL 801 on X]FEQASESEPTTVSYEIAGNSPNAER	Light	Medium	69.8675109	0.561340186
GEGFMVVTATGDNTFVGR	[Light Label:mdDL 801 on X]GEGFMVVTATGDNTFVGR	Light	Medium	90.00049853	0.338427126
LILIESR	[Light Label:mdDL 801 on X]LILIESR	Light	Medium	77.56468918	0.388375268
NFNDPEVQGDMK	[Light Label:mdDL 801 on X]NFNDPEVQGDM[Common Variable:Oxidation on M]K	Light	Medium	56.48569966	0.453381887
IQTLIAAGIIR	[Heavy Label:mdDL 090 on X]IQTLIAAGIIR	Heavy	Medium	89.21956938	0.062509436
DISESPER	[Light Label:mdDL 801 on X]DISESPER	Light	Medium	45.49453086	0.791611851
QLAGVEAR	[Heavy Label:mdDL 090 on X]QLAGVEAR	Heavy	Medium	54.13069445	0.64991325
SIVPSGASTGVHEALEMRDEDK	[Light Label:mdDL 801 on X]SIVPSGASTGVHEALEMRDEDK	Light	Medium	73.971718	0.441191393
LGGIPLGVIGVETR	[Light Label:mdDL 801 on X]LGGIPLGVIGVETR	Light	Medium	98.09910832	0.813180877
IMPGLAMANR	[Heavy Label:mdDL 090 on X]IMPGLAM[Common Variable:Oxidation on M]ANR	Heavy	Medium	66.17520435	0.570074687
IMPGLAMANR	[Heavy Label:mdDL 090 on X]IM[Common Variable:Oxidation on M]PGLAMANR	Heavy	Medium	59.54211963	0.663114872
IMPGLAMANR	[Light Label:mdDL 801 on X]IM[Common Variable:Oxidation on M]PGLAMANR	Light	Medium	59.71345004	1.23192188
IMPGLAMANR	[Light Label:mdDL 801 on X]IMPGLAM[Common Variable:Oxidation on M]ANR	Light	Medium	66.27863349	0.741708793
IAPRPLDLLRPVVR	[Light Label:mdDL 801 on X]IAPRPLDLLRPVVR	Light	Medium	88.139925	1.016293643
AFHDTEWATQDPR	[Light Label:mdDL 801 on X]AFHDTEWATQDPR	Light	Medium	62.05814395	0.841509493
AVVESVGAEVDEAR	[Light Label:mdDL 801 on X]AVVESVGAEVDEAR	Light	Medium	71.17667562	0.452040158
LGLHSIR	[Light Label:mdDL 801 on X]LGLHSIR	Light	Medium	54.09684325	0.810003812
AGANSMIQNVVDSDTISETAAR	[Light Label:mdDL 801 on X]AGANSM[Common Variable:Oxidation on M]IQNVVDSDTISETAAR	Light	Medium	70.97469805	0.688101593
SHPFGHALVAGIER	[Light Label:mdDL 801 on X]SHPFGHALVAGIER	Light	Medium	59.29496107	0.499379378
TDATFIR	[Light Label:mdDL 801 on X]TDATFIR	Light	Medium	56.21423989	0.611703798
IAVHVTVR	[Light Label:mdDL 801 on X]IAVHVTVR	Light	Medium	51.96725132	0.268594731
AGHQTSAESWGTGR	[Light Label:mdDL 801 on X]AGHQTSAESWGTGR	Light	Medium	37.51437698	0.70787221
LISWYDNEYGYSAR	[Light Label:mdDL 801 on X]LISWYDNEYGYSAR	Light	Medium	89.55679143	0.163197207
LPVTIDDTAGPTQFAWPSDR	[Light Label:mdDL 801 on X]LPVTIDDTAGPTQFAWPSDR	Light	Medium	99.37248852	0.810719913
ITPSYVAFTDDER	[Light Label:mdDL 801 on X]ITPSYVAFTDDER	Light	Medium	76.73038093	0.622586511
RQPAQPR	[Heavy Label:mdDL 090 on X]RQPAQPR	Heavy	Medium	21.78907456	0.401195465
RQPAQPR	[Light Label:mdDL 801 on X]RQPAQPR	Light	Medium	21.78907456	0.907064512
AMEVVASER	[Heavy Label:mdDL 090 on X]AMEVVASER	Heavy	Medium	55.5085078	0.304660206
AMEVVASER	[Heavy Label:mdDL 090 on X]AM[Common Variable:Oxidation on M]EVVASER	Heavy	Medium	36.61738737	0.458556008
AMEVVASER	[Light Label:mdDL 801 on X]AMEVVASER	Light	Medium	55.5085078	0.618971254
AMEVVASER	[Light Label:mdDL 801 on X]AM[Common Variable:Oxidation on M]EVVASER	Light	Medium	36.68676011	0.799875003
LAESSIGEAR	[Light Label:mdDL 801 on X]LAESSIGEAR	Light	Medium	48.58911741	0.918555508
MMQDPSIR	[Light Label:mdDL 801 on X]MMQDPSIR	Light	Medium	55.68092407	0.83793523
ITTLGHVQR	[Heavy Label:mdDL 090 on X]ITTLGHVQR	Heavy	Medium	45.11784954	0.630528312
LYGSDNDMR	[Light Label:mdDL 801 on X]LYGSDNDMR	Light	Medium	48.30660638	0.955168545
LYGSDNDMR	[Light Label:mdDL 801 on X]LYGSDNDM[Common Variable:Oxidation on M]R	Light	Medium	38.72570525	0.815492669
AIPDHLQAR	[Light Label:mdDL 801 on X]AIPDHLQAR	Light	Medium	55.94732143	0.924384259
SVLEALTQVR	[Light Label:mdDL 801 on X]SVLEALTQVR	Light	Medium	100.5500856	0.711272716
MTPSGHNWVSGQGAGPR	[Light Label:mdDL 801 on X]MTPSGHNWVSGQGAGPR	Light	Medium	53.68875947	1.175742852
MTPSGHNWVSGQGAGPR	[Light Label:mdDL 801 on X]M[Common Variable:Oxidation on M]TPSGHNWVSGQGAGPR	Light	Medium	50.06866922	0.867863456
IPLDQMER	[Light Label:mdDL 801 on X]IPLDQM[Common Variable:Oxidation on M]ER	Light	Medium	51.05024201	1.045000796
RLGSFTR	[Light Label:mdDL 801 on X]RLGSFTR	Light	Medium	54.90904451	1.10025879
YMTTVSGR	[Light Label:mdDL 801 on X]YM[Common Variable:Oxidation on M]TTVSGR	Light	Medium	32.80981304	0.809924511
QDGVLLVALSNEPAAR	[Light Label:mdDL 801 on X]QDGVLLVALSNEPAAR	Light	Medium	91.0725498	0.341273254
SMVEEAEASGR	[Heavy Label:mdDL 090 on X]SMVEEAEASGR	Heavy	Medium	54.20720533	0.286983166
SMVEEAEASGR	[Heavy Label:mdDL 090 on X]SM[Common Variable:Oxidation on M]VEEAEASGR	Heavy	Medium	35.42528707	0.2511535
SMVEEAEASGR	[Heavy Label:mdDL 090 on X]SM[Common Variable:Oxidation on M]VEEAEASGR	Heavy	Medium	36.5383158	0.123076118
SMVEEAEASGR	[Light Label:mdDL 801 on X]SMVEEAEASGR	Light	Medium	54.41123259	0.798434851
SMVEEAEASGR	[Light Label:mdDL 801 on X]SM[Common Variable:Oxidation on M]VEEAEASGR	Light	Medium	35.49722	0.754153921
SMVEEAEASGR	[Light Label:mdDL 801 on X]SM[Common Variable:Oxidation on M]VEEAEASGR	Light	Medium	36.5383158	0.71387626
FITAQNITPEGLENIGR	[Light Label:mdDL 801 on X]FITAQNITPEGLENIGR	Light	Medium	96.79226668	0.958022816
INSINANLSR	[Light Label:mdDL 801 on X]INSINANLSR	Light	Medium	54.03327912	1.147855925
AAEENFNADDK	[Light Label:mdDL 801 on X]AAEENFNADDK	Light	Medium	44.40703444	0.565878003
THIGDGFQFLR	[Light Label:mdDL 801 on X]THIGDGFQFLR	Light	Medium	78.4836984	0.696839568
GFGYAGSPFHR	[Light Label:mdDL 801 on X]GFGYAGSPFHR	Light	Medium	69.54197224	0.659107987
TNQLVPEVLEYNVR	[Light Label:mdDL 801 on X]TNQLVPEVLEYNVR	Light	Medium	91.11241028	0.698612676
SDDNADALK	[Light Label:mdDL 801 on X]SDDNADALK	Light	Medium	37.70824434	0.831825233
ELSSQELSGGAR	[Heavy Label:mdDL 090 on X]ELSSQELSGGAR	Heavy	Medium	57.36119613	0.531427888
ATVPVLEQQGTVITR	[Light Label:mdDL 801 on X]ATVPVLEQQGTVITR	Light	Medium	75.29912776	0.765707346
SHTLCNR	[Heavy Label:mdDL 090 on X]SHTLC[Unimod:Propionamide on C]NR	Heavy	Medium	25.10385492	0.670748201
SHTLCNR	[Light Label:mdDL 801 on X]SHTLC[Unimod:Propionamide on C]NR	Light	Medium	25.23273044	0.756494992
VPVGDQPPDIER	[Light Label:mdDL 801 on X]VPVGDQPPDIER	Light	Medium	57.89680435	0.772267359
LNLTSGHLNAGR	[Heavy Label:mdDL 090 on X]LNLTSGHLNAGR	Heavy	Medium	56.55019914	0.938973972
LNLTSGHLNAGR	[Light Label:mdDL 801 on X]LNLTSGHLNAGR	Light	Medium	56.55019914	0.855995805
GNAFFNSESGER	[Light Label:mdDL 801 on X]GNAFFNSESGER	Light	Medium	61.08347646	0.597738945
AVQEEFQSR	[Light Label:mdDL 801 on X]AVQEEFQSR	Light	Medium	53.75752989	0.941182973
AFEHTADYDAAISDFFR	[Light Label:mdDL 801 on X]AFEHTADYDAAISDFFR	Light	Medium	103.508649	0.427349458
LQTAALDTTPER	[Light Label:mdDL 801 on X]LQTAALDTTPER	Light	Medium	55.08425195	1.016283237
ISGDDIR	[Heavy Label:mdDL 090 on X]ISGDDIR	Heavy	Medium	41.19164867	0.44649047
ISGDDIR	[Light Label:mdDL 801 on X]ISGDDIR	Light	Medium	41.26523318	0.792018382
ALAAEDDEATR	[Heavy Label:mdDL 090 on X]ALAAEDDEATR	Heavy	Medium	48.16691399	0.227376799
ALAAEDDEATR	[Light Label:mdDL 801 on X]ALAAEDDEATR	Light	Medium	48.97504828	1.271626225
ESQPTIEEDLTR	[Light Label:mdDL 801 on X]ESQPTIEEDLTR	Light	Medium	63.28446998	0.79046568
QSSPANPIGTYEYSR	[Light Label:mdDL 801 on X]QSSPANPIGTYEYSR	Light	Medium	59.75265462	0.597051512
ICFQNESFSR	[Heavy Label:mdDL 090 on X]IC[Unimod:Propionamide on C]FQNESFSR	Heavy	Medium	66.85526274	0.41879814
GSPAGPSAVTAR	[Light Label:mdDL 801 on X]GSPAGPSAVTAR	Light	Medium	42.34897313	0.708529713
HSNGDAWVEAR	[Heavy Label:mdDL 090 on X]HSNGDAWVEAR	Heavy	Medium	43.85917312	0.463286322
HSNGDAWVEAR	[Light Label:mdDL 801 on X]HSNGDAWVEAR	Light	Medium	43.92581833	0.931075764
NHDEIVNDPK	[Light Label:mdDL 801 on X]NHDEIVNDPK	Light	Medium	34.22344273	0.611292809
QNWTMENFIDTEINR	[Light Label:mdDL 801 on X]QNWTMENFIDTEINR	Light	Medium	103.5430115	0.213573016
IAVMTSGGDSPGMNAAVR	[Light Label:mdDL 801 on X]IAVMTSGGDSPGMNAAVR	Light	Medium	66.95017393	1.07598394
VVVEEGSR	[Light Label:mdDL 801 on X]VVVEEGSR	Light	Medium	41.66091104	0.811652854
RVVDPFTR	[Light Label:mdDL 801 on X]RVVDPFTR	Light	Medium	66.57549674	0.933985714
VGESQDSYDK	[Light Label:mdDL 801 on X]VGESQDSYDK	Light	Medium	31.96877708	0.595639072
APLQTTDLMER	[Light Label:mdDL 801 on X]APLQTTDLM[Common Variable:Oxidation on M]ER	Light	Medium	59.89694698	0.748540204
YRLPDAMR	[Light Label:mdDL 801 on X]YRLPDAMR	Light	Medium	56.28465795	0.680994218
TPGLSNATQVTDLNLTYASR	[Light Label:mdDL 801 on X]TPGLSNATQVTDLNLTYASR	Light	Medium	83.15655118	0.280885839
LNMAMADAR	[Light Label:mdDL 801 on X]LNM[Common Variable:Oxidation on M]AMADAR	Light	Medium	44.39443552	0.687753394
LDLLAQLGGHSVAR	[Light Label:mdDL 801 on X]LDLLAQLGGHSVAR	Light	Medium	91.31323004	0.706021157
HAVSEGTR	[Heavy Label:mdDL 090 on X]HAVSEGTR	Heavy	Medium	21.24509669	0.664980682
HAVSEGTR	[Light Label:mdDL 801 on X]HAVSEGTR	Light	Medium	21.51435673	0.917290983
VAVHNGGR	[Light Label:mdDL 801 on X]VAVHNGGR	Light	Medium	19.61511429	0.939278147
CATITPDEAR	[Light Label:mdDL 801 on X]C[Unimod:Propionamide on C]ATITPDEAR	Light	Medium	48.90735031	0.842122765
GGTAVAHDR	[Heavy Label:mdDL 090 on X]GGTAVAHDR	Heavy	Medium	22.45528401	0.625878826
GGTAVAHDR	[Light Label:mdDL 801 on X]GGTAVAHDR	Light	Medium	22.57057024	0.841830798
NPSQRPQR	[Light Label:mdDL 801 on X]NPSQRPQR	Light	Medium	22.10537921	0.884758534
GIRPAINVGLSVSR	[Light Label:mdDL 801 on X]GIRPAINVGLSVSR	Light	Medium	73.77179268	0.627233399
IAPRPLDLLR	[Light Label:mdDL 801 on X]IAPRPLDLLR	Light	Medium	82.45147727	0.876120037
GAPETIR	[Light Label:mdDL 801 on X]GAPETIR	Light	Medium	42.78388271	0.866119332
NNSELLANLGNFVNR	[Light Label:mdDL 801 on X]NNSELLANLGNFVNR	Light	Medium	101.1763457	0.854722855
AQHPGNIPNR	[Light Label:mdDL 801 on X]AQHPGNIPNR	Light	Medium	30.04706944	0.861126588
NEASPNTDAK	[Light Label:mdDL 801 on X]NEASPNTDAK	Light	Medium	24.97783427	0.522005451
VGLIGSCTNSSYEDMSR	[Light Label:mdDL 801 on X]VGLIGSC[Unimod:Propionamide on C]TNSSYEDMSR	Light	Medium	71.51852044	0.764243861
DHCIVVGR	[Heavy Label:mdDL 090 on X]DHC[Unimod:Propionamide on C]IVVGR	Heavy	Medium	41.22997182	0.440770735
DHCIVVGR	[Light Label:mdDL 801 on X]DHC[Unimod:Propionamide on C]IVVGR	Light	Medium	41.33747226	0.82035135
LEEEYAPFASDAEK	[Light Label:mdDL 801 on X]LEEEYAPFASDAEK	Light	Medium	72.23430806	0.461627611
GLPMIPAFVTGSPNGTER	[Light Label:mdDL 801 on X]GLPMIPAFVTGSPNGTER	Light	Medium	107.6620739	0.625982679
ETTALVESYELPDGR	[Light Label:mdDL 801 on X]ETTALVESYELPDGR	Light	Medium	79.52602934	0.361907848
EGIPPDQQR	[Light Label:mdDL 801 on X]EGIPPDQQR	Light	Medium	43.03614567	0.855354305
LDPALGGGSSDR	[Heavy Label:mdDL 090 on X]LDPALGGGSSDR	Heavy	Medium	52.11393475	0.841353938
LDPALGGGSSDR	[Light Label:mdDL 801 on X]LDPALGGGSSDR	Light	Medium	52.24181096	0.927396378
GTETEESINK	[Heavy Label:mdDL 090 on X]GTETEESINK	Heavy	Medium	36.80799835	0.232043304
LHLDKDR	[Light Label:mdDL 801 on X]LHLDKDR	Light	Medium	31.6627876	0.467606813
RVVDINDR	[Heavy Label:mdDL 090 on X]RVVDINDR	Heavy	Medium	48.37812394	0.46757351
DGDATYDEAR	[Heavy Label:mdDL 090 on X]DGDATYDEAR	Heavy	Medium	36.10957452	0.108993932
DGDATYDEAR	[Light Label:mdDL 801 on X]DGDATYDEAR	Light	Medium	36.22422233	0.709578819
FHTENAEDQDR	[Light Label:mdDL 801 on X]FHTENAEDQDR	Light	Medium	30.77762315	0.762252501
NNFENDQAAVR	[Heavy Label:mdDL 090 on X]NNFENDQAAVR	Heavy	Medium	45.47118379	0.43516614
VGDELPGR	[Light Label:mdDL 801 on X]VGDELPGR	Light	Medium	47.21712061	0.93660403
DSVGNEYR	[Light Label:mdDL 801 on X]DSVGNEYR	Light	Medium	37.24768738	0.856551944
FKEEDEK	[Light Label:mdDL 801 on X]FKEEDEK	Light	Medium	24.39195216	0.401554443
RGNYAQR	[Light Label:mdDL 801 on X]RGNYAQR	Light	Medium	19.76909106	0.676054805
VLDLASR	[Light Label:mdDL 801 on X]VLDLASR	Light	Medium	64.54939883	0.996244128
LQEEERER	[Light Label:mdDL 801 on X]LQEEERER	Light	Medium	25.67538176	0.722828016
INENPVNR	[Light Label:mdDL 801 on X]INENPVNR	Light	Medium	37.78009547	0.995241412
VLHNDPSR	[Light Label:mdDL 801 on X]VLHNDPSR	Light	Medium	30.57217729	0.809914117
VSQATPVIAGR	[Light Label:mdDL 801 on X]VSQATPVIAGR	Light	Medium	48.10130758	0.769005604
VIDGEDEK	[Light Label:mdDL 801 on X]VIDGEDEK	Light	Medium	41.93272554	0.731041436
TLHPAVHGGILAR	[Light Label:mdDL 801 on X]TLHPAVHGGILAR	Light	Medium	57.22746195	0.753435599
GDIIIDGGNSHFPDSNR	[Light Label:mdDL 801 on X]GDIIIDGGNSHFPDSNR	Light	Medium	69.69852632	0.828472678
VALVFGQMNEPPGAR	[Light Label:mdDL 801 on X]VALVFGQMNEPPGAR	Light	Medium	86.41709975	0.756065202
LEDQVAEEER	[Light Label:mdDL 801 on X]LEDQVAEEER	Light	Medium	46.3040941	0.669848971
RFNSSIGR	[Light Label:mdDL 801 on X]RFNSSIGR	Light	Medium	48.06448395	1.532254974
LINASESTDR	[Light Label:mdDL 801 on X]LINASESTDR	Light	Medium	48.45486638	1.398931105
TTESQLHR	[Light Label:mdDL 801 on X]TTESQLHR	Light	Medium	29.44085479	0.830810079
LSMEEEQQR	[Heavy Label:mdDL 090 on X]LSMEEEQQR	Heavy	Medium	45.42792894	0.254560873
LSMEEEQQR	[Heavy Label:mdDL 090 on X]LSM[Common Variable:Oxidation on M]EEEQQR	Heavy	Medium	30.57488951	0.38845645
LSMEEEQQR	[Light Label:mdDL 801 on X]LSMEEEQQR	Light	Medium	45.42792894	0.961800943
LSMEEEQQR	[Light Label:mdDL 801 on X]LSM[Common Variable:Oxidation on M]EEEQQR	Light	Medium	30.82541676	0.811517408
LIISNTVPQDR	[Heavy Label:mdDL 090 on X]LIISNTVPQDR	Heavy	Medium	66.13738334	0.866258685
LIISNTVPQDR	[Light Label:mdDL 801 on X]LIISNTVPQDR	Light	Medium	66.21006534	0.765137639
VEIIANDQGNR	[Light Label:mdDL 801 on X]VEIIANDQGNR	Light	Medium	52.11173069	0.855274866
ISLNSSNNASADER	[Light Label:mdDL 801 on X]ISLNSSNNASADER	Light	Medium	46.91881758	0.623045048
EEVPGRR	[Heavy Label:mdDL 090 on X]EEVPGRR	Heavy	Medium	27.26193887	0.670358923
EEVPGRR	[Light Label:mdDL 801 on X]EEVPGRR	Light	Medium	27.5338742	0.803742384
LNPSDNYQDMAR	[Light Label:mdDL 801 on X]LNPSDNYQDMAR	Light	Medium	56.02064152	0.653456418
LNPSDNYQDMAR	[Light Label:mdDL 801 on X]LNPSDNYQDM[Common Variable:Oxidation on M]AR	Light	Medium	45.39202458	0.771997161
IVTCSQDR	[Light Label:mdDL 801 on X]IVTC[Unimod:Propionamide on C]SQDR	Light	Medium	38.13127056	0.771414871
VQQELDETK	[Light Label:mdDL 801 on X]VQQELDETK	Light	Medium	37.82331011	0.777237243
LHPELYR	[Light Label:mdDL 801 on X]LHPELYR	Light	Medium	50.27255841	0.83739043
MQNIAQTR	[Heavy Label:mdDL 090 on X]MQNIAQTR	Heavy	Medium	40.53223321	0.856230279
MQNIAQTR	[Heavy Label:mdDL 090 on X]M[Common Variable:Oxidation on M]QNIAQTR	Heavy	Medium	31.94511379	1.099844343
MQNIAQTR	[Light Label:mdDL 801 on X]M[Common Variable:Oxidation on M]QNIAQTR	Light	Medium	32.2590222	0.906514373
HFPLDAMQER	[Light Label:mdDL 801 on X]HFPLDAMQER	Light	Medium	73.57451095	0.970594017
HFPLDAMQER	[Light Label:mdDL 801 on X]HFPLDAM[Common Variable:Oxidation on M]QER	Light	Medium	61.26485491	0.844747521
NHTWSEFER	[Light Label:mdDL 801 on X]NHTWSEFER	Light	Medium	53.82935817	1.132498215
LSQIHEDGLNEVTR	[Light Label:mdDL 801 on X]LSQIHEDGLNEVTR	Light	Medium	58.65482346	0.995523728
DNNVYDPER	[Light Label:mdDL 801 on X]DNNVYDPER	Light	Medium	44.57262838	0.753942645
INDEAVSGPR	[Light Label:mdDL 801 on X]INDEAVSGPR	Light	Medium	41.63352232	1.042894008
VAVHNGDR	[Heavy Label:mdDL 090 on X]VAVHNGDR	Heavy	Medium	20.30719868	0.63793477
VAVHNGDR	[Light Label:mdDL 801 on X]VAVHNGDR	Light	Medium	20.49880962	0.73710099
ARDDADEDEEDPDTR	[Light Label:mdDL 801 on X]ARDDADEDEEDPDTR	Light	Medium	29.32058974	0.65049187
QIAQQDAQR	[Light Label:mdDL 801 on X]QIAQQDAQR	Light	Medium	37.63151179	0.943675184
AFLASEEAR	[Light Label:mdDL 801 on X]AFLASEEAR	Light	Medium	63.52509177	0.890457235
RLDNVER	[Light Label:mdDL 801 on X]RLDNVER	Light	Medium	43.22091944	0.88057737
FEGTEPEPR	[Light Label:mdDL 801 on X]FEGTEPEPR	Light	Medium	44.13704562	1.373718088
VHGEEDPTK	[Light Label:mdDL 801 on X]VHGEEDPTK	Light	Medium	21.39103855	0.64294645
VQTAVTMR	[Heavy Label:mdDL 090 on X]VQTAVTMR	Heavy	Medium	44.29596388	0.746625809
VQTAVTMR	[Light Label:mdDL 801 on X]VQTAVTMR	Light	Medium	44.29596388	0.983104079
QIAQQDAER	[Light Label:mdDL 801 on X]QIAQQDAER	Light	Medium	39.85581306	0.698246165
ITAQEDEQR	[Heavy Label:mdDL 090 on X]ITAQEDEQR	Heavy	Medium	30.39320103	0.265281479
ITAQEDEQR	[Light Label:mdDL 801 on X]ITAQEDEQR	Light	Medium	30.435218	0.718616418
HTPSIIALSR	[Light Label:mdDL 801 on X]HTPSIIALSR	Light	Medium	65.6831594	0.666376451
VTEQDITR	[Light Label:mdDL 801 on X]VTEQDITR	Light	Medium	42.99973501	0.830075543
RLSELIGAR	[Light Label:mdDL 801 on X]RLSELIGAR	Light	Medium	74.18170733	1.064062242
RLDVAGR	[Light Label:mdDL 801 on X]RLDVAGR	Light	Medium	48.02583802	1.090295656
NSNPENTVGLISGAGANPR	[Light Label:mdDL 801 on X]NSNPENTVGLISGAGANPR	Light	Medium	67.02721445	1.488620388
ISGGNDK	[Heavy Label:mdDL 090 on X]ISGGNDK	Heavy	Medium	15.34844626	0.708324574
VGAVAEGDNR	[Light Label:mdDL 801 on X]VGAVAEGDNR	Light	Medium	32.94486378	0.791325928
FDSDPSNR	[Light Label:mdDL 801 on X]FDSDPSNR	Light	Medium	34.89019426	0.731164589
QEGVPMENTVR	[Light Label:mdDL 801 on X]QEGVPMENTVR	Light	Medium	52.49042819	0.731195805
TTDYDLDATR	[Light Label:mdDL 801 on X]TTDYDLDATR	Light	Medium	53.93894114	0.512545854
VEESQADEAR	[Light Label:mdDL 801 on X]VEESQADEAR	Light	Medium	28.59716791	0.754084074
ENVQNGEVR	[Light Label:mdDL 801 on X]ENVQNGEVR	Light	Medium	32.90456695	0.929638491
GEIIDTLVDGLQR	[Light Label:mdDL 801 on X]GEIIDTLVDGLQR	Light	Medium	105.4128015	0.603559962
SPVTVEDVGCTGALTALLR	[Light Label:mdDL 801 on X]SPVTVEDVGC[Unimod:Propionamide on C]TGALTALLR	Light	Medium	108.0769451	0.467921336
FSAADANGPDSEPR	[Light Label:mdDL 801 on X]FSAADANGPDSEPR	Light	Medium	46.94866231	0.775790396
QGPQGFGGPGPQEFGGPGGQGFGGPNPQEFGGPGGQGFGGPNPQEFGGQGR	[Light Label:mdDL 801 on X]QGPQGFGGPGPQEFGGPGGQGFGGPNPQEFGGPGGQGFGGPNPQEFGGQGR	Light	Medium	94.58080726	1.009680314
EQSIENMAR	[Light Label:mdDL 801 on X]EQSIENMAR	Light	Medium	49.24311188	1.445630457
VPQTDLNTTR	[Light Label:mdDL 801 on X]VPQTDLNTTR	Light	Medium	47.92305898	0.968818384
VEEVSQAPR	[Light Label:mdDL 801 on X]VEEVSQAPR	Light	Medium	38.49153343	0.821656741
IDREGNAR	[Light Label:mdDL 801 on X]IDREGNAR	Light	Medium	18.34927358	0.834818035
LECPPPLTNAR	[Light Label:mdDL 801 on X]LEC[Unimod:Propionamide on C]PPPLTNAR	Light	Medium	60.680316	0.974939093
GNQLEDGSFQGDR	[Light Label:mdDL 801 on X]GNQLEDGSFQGDR	Light	Medium	52.0464898	0.453192311
ENEMLAQDK	[Light Label:mdDL 801 on X]ENEMLAQDK	Light	Medium	45.11117105	0.773254289
ESTQTAVVSR	[Heavy Label:mdDL 090 on X]ESTQTAVVSR	Heavy	Medium	35.29162638	0.592516124
ESTQTAVVSR	[Light Label:mdDL 801 on X]ESTQTAVVSR	Light	Medium	35.36851708	0.8823097
TVHSILR	[Light Label:mdDL 801 on X]TVHSILR	Light	Medium	55.44393538	0.895712412
SQLSAEDK	[Heavy Label:mdDL 090 on X]SQLSAEDK	Heavy	Medium	33.40784329	0.479321802
VVTCDEDSR	[Light Label:mdDL 801 on X]VVTC[Unimod:Propionamide on C]DEDSR	Light	Medium	38.58481089	1.189936427
THQQENLQSMR	[Light Label:mdDL 801 on X]THQQENLQSMR	Light	Medium	36.84850787	0.809849301
THQQENLQSMR	[Light Label:mdDL 801 on X]THQQENLQSM[Common Variable:Oxidation on M]R	Light	Medium	26.33132815	0.899818797
GQQGYPR	[Heavy Label:mdDL 090 on X]GQQGYPR	Heavy	Medium	31.06733045	0.327491886
THSTAISAR	[Light Label:mdDL 801 on X]THSTAISAR	Light	Medium	25.67791024	0.641056164
STPQDTNVNSQSR	[Light Label:mdDL 801 on X]STPQDTNVNSQSR	Light	Medium	36.46421247	1.421200584
RQAQFTR	[Light Label:mdDL 801 on X]RQAQFTR	Light	Medium	30.77891046	0.702596091
QPNSAIR	[Light Label:mdDL 801 on X]QPNSAIR	Light	Medium	35.0847882	1.158034617
HGEVVSVR	[Light Label:mdDL 801 on X]HGEVVSVR	Light	Medium	36.10883905	1.390700596
DVHGTGPR	[Light Label:mdDL 801 on X]DVHGTGPR	Light	Medium	29.88864422	0.987312606
STAGATTATGR	[Light Label:mdDL 801 on X]STAGATTATGR	Light	Medium	30.60620106	0.996165115
TTLDAEK	[Heavy Label:mdDL 090 on X]TTLDAEK	Heavy	Medium	36.5375802	0.425148865
NDITQDQR	[Light Label:mdDL 801 on X]NDITQDQR	Light	Medium	32.22913166	0.847412897
QGNQEETAFR	[Heavy Label:mdDL 090 on X]QGNQEETAFR	Heavy	Medium	41.70817592	0.362278582
VQQQQLQQAQAQQQANR	[Light Label:mdDL 801 on X]VQQQQLQQAQAQQQANR	Light	Medium	39.86140763	0.979282195
STDVNDER	[Light Label:mdDL 801 on X]STDVNDER	Light	Medium	32.82016886	0.975684667
TQINEYHAR	[Light Label:mdDL 801 on X]TQINEYHAR	Light	Medium	36.38690073	0.429035487
AATASANVR	[Heavy Label:mdDL 090 on X]AATASANVR	Heavy	Medium	32.19119594	0.694273306
NNPNMVNNR	[Light Label:mdDL 801 on X]NNPNMVNNR	Light	Medium	34.64990759	0.829460225
QEQQHAQLQR	[Light Label:mdDL 801 on X]QEQQHAQLQR	Light	Medium	27.25678284	1.168109826
DEGAEAHR	[Light Label:mdDL 801 on X]DEGAEAHR	Light	Medium	18.89739698	0.834547254
SAGPPSTSNR	[Light Label:mdDL 801 on X]SAGPPSTSNR	Light	Medium	31.36908462	0.932776707
INNGNEEPHR	[Light Label:mdDL 801 on X]INNGNEEPHR	Light	Medium	24.34909902	0.914849625
TDPNEPANDYR	[Light Label:mdDL 801 on X]TDPNEPANDYR	Light	Medium	39.16844594	0.658228848
GNQNNALNSR	[Heavy Label:mdDL 090 on X]GNQNNALNSR	Heavy	Medium	31.41642881	0.878020023
GNHECASINR	[Heavy Label:mdDL 090 on X]GNHEC[Unimod:Propionamide on C]ASINR	Heavy	Medium	25.64683491	0.752834317
QMTTDTAIR	[Heavy Label:mdDL 090 on X]QM[Common Variable:Oxidation on M]TTDTAIR	Heavy	Medium	35.37613077	0.722014534
QMTTDTAIR	[Light Label:mdDL 801 on X]QM[Common Variable:Oxidation on M]TTDTAIR	Light	Medium	35.42008991	1.176792831
VSQQGQVPTR	[Light Label:mdDL 801 on X]VSQQGQVPTR	Light	Medium	32.35253717	0.924082485
VEAQSHR	[Light Label:mdDL 801 on X]VEAQSHR	Light	Medium	14.19817781	0.887804608
LAQQQQQQQDPR	[Light Label:mdDL 801 on X]LAQQQQQQQDPR	Light	Medium	29.85489526	1.231920044
NSYLDNNSNGNSAR	[Light Label:mdDL 801 on X]NSYLDNNSNGNSAR	Light	Medium	41.16565565	0.874553102
STANATPVETGR	[Heavy Label:mdDL 090 on X]STANATPVETGR	Heavy	Medium	39.54434993	0.676673618
STANATPVETGR	[Light Label:mdDL 801 on X]STANATPVETGR	Light	Medium	39.62715732	0.946511598
LRDTNESTNR	[Light Label:mdDL 801 on X]LRDTNESTNR	Light	Medium	22.11020163	0.830661619
IQNHQLQR	[Light Label:mdDL 801 on X]IQNHQLQR	Light	Medium	27.50148748	1.212623174
EIGSSGEENK	[Light Label:mdDL 801 on X]EIGSSGEENK	Light	Medium	37.1303401	0.787742398
AELMDQSGNR	[Light Label:mdDL 801 on X]AELM[Common Variable:Oxidation on M]DQSGNR	Light	Medium	35.33510125	1.369171975
EQTEAAK	[Heavy Label:mdDL 090 on X]EQTEAAK	Heavy	Medium	16.00220334	0.340488279
EVEGDDNDR	[Light Label:mdDL 801 on X]EVEGDDNDR	Light	Medium	32.18906225	1.29160217
GRHDPAVTPR	[Light Label:mdDL 801 on X]GRHDPAVTPR	Light	Medium	25.50629434	0.922135039
RHTTGTGR	[Light Label:mdDL 801 on X]RHTTGTGR	Light	Medium	7.742958974	0.893121178
MRDQHTGR	[Light Label:mdDL 801 on X]MRDQHTGR	Light	Medium	11.67104523	0.918399576
